<?xml version="1.0" encoding="UTF-8"?>
<project-private xmlns="http://www.netbeans.org/ns/project-private/1">
    <editor-bookmarks xmlns="http://www.netbeans.org/ns/editor-bookmarks/2" lastBookmarkId="0"/>
    <open-files xmlns="http://www.netbeans.org/ns/projectui-open-files/2">
        <group>
            <file>file:/C:/Users/BRIONES_CpE121/Documents/NetBeansProjects/1st%20quarter%20Exam/src/pkg1st/quarter/exam/QuarterExam.java</file>
            <file>file:/C:/Users/BRIONES_CpE121/Documents/NetBeansProjects/1st%20quarter%20Exam/src/pkg1st/quarter/exam/PaymentFront.java</file>
            <file>file:/C:/Users/BRIONES_CpE121/Documents/NetBeansProjects/1st%20quarter%20Exam/src/pkg1st/quarter/exam/StoreFront.java</file>
        </group>
    </open-files>
</project-private>
